system_type,structure,temperature,original_points,filtered_points,removed_points,percent_removed
Cv,Cv-1,200,1,1,0,0.0
Cv,Cv-1,250,1,1,0,0.0
Cv,Cv-1,300,1,1,0,0.0
Cv,Cv-1,350,1,1,0,0.0
Cv,Cv-1,400,1,1,0,0.0
Cv,Cv-1,450,1,1,0,0.0
Cv,Cv-1,500,1,1,0,0.0
Cv,Cv-1,550,1,1,0,0.0
Cv,Cv-1,600,1,1,0,0.0
Cv,Cv-1,650,1,1,0,0.0
Cv,Cv-1,700,1,1,0,0.0
Cv,Cv-1,750,1,1,0,0.0
Cv,Cv-1,800,1,1,0,0.0
Cv,Cv-1,850,1,1,0,0.0
Cv,Cv-1,900,1,1,0,0.0
Cv,Cv-1,950,1,1,0,0.0
Cv,Cv-1,1000,1,1,0,0.0
Cv,Cv-1,1050,1,1,0,0.0
Cv,Cv-1,1100,1,1,0,0.0
Cv,Cv-2,200,1,1,0,0.0
Cv,Cv-2,250,1,1,0,0.0
Cv,Cv-2,300,1,1,0,0.0
Cv,Cv-2,350,1,1,0,0.0
Cv,Cv-2,400,1,1,0,0.0
Cv,Cv-2,450,1,1,0,0.0
Cv,Cv-2,500,1,1,0,0.0
Cv,Cv-2,550,1,1,0,0.0
Cv,Cv-2,600,1,1,0,0.0
Cv,Cv-2,650,1,1,0,0.0
Cv,Cv-2,700,1,1,0,0.0
Cv,Cv-2,750,1,1,0,0.0
Cv,Cv-2,800,1,1,0,0.0
Cv,Cv-2,850,1,1,0,0.0
Cv,Cv-2,900,1,1,0,0.0
Cv,Cv-2,950,1,1,0,0.0
Cv,Cv-2,1000,1,1,0,0.0
Cv,Cv-2,1050,1,1,0,0.0
Cv,Cv-2,1100,1,1,0,0.0
Cv,Cv-3,200,1,1,0,0.0
Cv,Cv-3,250,1,1,0,0.0
Cv,Cv-3,300,1,1,0,0.0
Cv,Cv-3,350,1,1,0,0.0
Cv,Cv-3,400,1,1,0,0.0
Cv,Cv-3,450,1,1,0,0.0
Cv,Cv-3,500,1,1,0,0.0
Cv,Cv-3,550,1,1,0,0.0
Cv,Cv-3,600,1,1,0,0.0
Cv,Cv-3,650,1,1,0,0.0
Cv,Cv-3,700,1,1,0,0.0
Cv,Cv-3,750,1,1,0,0.0
Cv,Cv-3,800,1,1,0,0.0
Cv,Cv-3,850,1,1,0,0.0
Cv,Cv-3,900,1,1,0,0.0
Cv,Cv-3,950,1,1,0,0.0
Cv,Cv-3,1000,1,1,0,0.0
Cv,Cv-3,1050,1,1,0,0.0
Cv,Cv-3,1100,1,1,0,0.0
Cv,Cv-4,200,1,1,0,0.0
Cv,Cv-4,250,1,1,0,0.0
Cv,Cv-4,300,1,1,0,0.0
Cv,Cv-4,350,1,1,0,0.0
Cv,Cv-4,400,1,1,0,0.0
Cv,Cv-4,450,1,1,0,0.0
Cv,Cv-4,500,1,1,0,0.0
Cv,Cv-4,550,1,1,0,0.0
Cv,Cv-4,600,1,1,0,0.0
Cv,Cv-4,650,1,1,0,0.0
Cv,Cv-4,700,1,1,0,0.0
Cv,Cv-4,750,1,1,0,0.0
Cv,Cv-4,800,1,1,0,0.0
Cv,Cv-4,850,1,1,0,0.0
Cv,Cv-4,900,1,1,0,0.0
Cv,Cv-4,950,1,1,0,0.0
Cv,Cv-4,1000,1,1,0,0.0
Cv,Cv-4,1050,1,1,0,0.0
Cv,Cv-4,1100,1,1,0,0.0
Cv,Cv-5,200,1,1,0,0.0
Cv,Cv-5,250,1,1,0,0.0
Cv,Cv-5,300,1,1,0,0.0
Cv,Cv-5,350,1,1,0,0.0
Cv,Cv-5,400,1,1,0,0.0
Cv,Cv-5,450,1,1,0,0.0
Cv,Cv-5,500,1,1,0,0.0
Cv,Cv-5,550,1,1,0,0.0
Cv,Cv-5,600,1,1,0,0.0
Cv,Cv-5,650,1,1,0,0.0
Cv,Cv-5,700,1,1,0,0.0
Cv,Cv-5,750,1,1,0,0.0
Cv,Cv-5,800,1,1,0,0.0
Cv,Cv-5,850,1,1,0,0.0
Cv,Cv-5,900,1,1,0,0.0
Cv,Cv-5,950,1,1,0,0.0
Cv,Cv-5,1000,1,1,0,0.0
Cv,Cv-5,1050,1,1,0,0.0
Cv,Cv-5,1100,1,1,0,0.0
Pt6,pt6,200,3,3,0,0.0
Pt6,pt6,300,3,3,0,0.0
Pt6,pt6,400,3,3,0,0.0
Pt6,pt6,500,3,3,0,0.0
Pt6,pt6,600,3,3,0,0.0
Pt6,pt6,700,3,3,0,0.0
Pt6,pt6,800,3,3,0,0.0
Pt6,pt6,900,3,3,0,0.0
Pt6,pt6,1000,3,3,0,0.0
Pt6,pt6,1100,3,3,0,0.0
Pt6SnX,pt6sn1,200,3,3,0,0.0
Pt6SnX,pt6sn1,300,3,3,0,0.0
Pt6SnX,pt6sn1,400,3,3,0,0.0
Pt6SnX,pt6sn1,500,3,3,0,0.0
Pt6SnX,pt6sn1,600,3,3,0,0.0
Pt6SnX,pt6sn1,700,3,3,0,0.0
Pt6SnX,pt6sn1,800,3,3,0,0.0
Pt6SnX,pt6sn1,900,3,3,0,0.0
Pt6SnX,pt6sn1,1000,3,3,0,0.0
Pt6SnX,pt6sn1,1100,3,3,0,0.0
Pt6SnX,pt6sn2,200,9,9,0,0.0
Pt6SnX,pt6sn2,300,9,9,0,0.0
Pt6SnX,pt6sn2,400,9,9,0,0.0
Pt6SnX,pt6sn2,500,9,9,0,0.0
Pt6SnX,pt6sn2,600,9,9,0,0.0
Pt6SnX,pt6sn2,700,9,9,0,0.0
Pt6SnX,pt6sn2,800,9,9,0,0.0
Pt6SnX,pt6sn2,900,9,8,1,11.11111111111111
Pt6SnX,pt6sn2,1000,9,8,1,11.11111111111111
Pt6SnX,pt6sn2,1100,9,8,1,11.11111111111111
Pt6SnX,pt6sn3,200,3,3,0,0.0
Pt6SnX,pt6sn3,300,3,3,0,0.0
Pt6SnX,pt6sn3,400,3,3,0,0.0
Pt6SnX,pt6sn3,500,3,3,0,0.0
Pt6SnX,pt6sn3,600,3,3,0,0.0
Pt6SnX,pt6sn3,700,3,3,0,0.0
Pt6SnX,pt6sn3,800,3,3,0,0.0
Pt6SnX,pt6sn3,900,3,3,0,0.0
Pt6SnX,pt6sn3,1000,3,3,0,0.0
Pt6SnX,pt6sn3,1100,3,3,0,0.0
Pt6SnX,pt6sn4,200,3,3,0,0.0
Pt6SnX,pt6sn4,300,3,3,0,0.0
Pt6SnX,pt6sn4,400,3,3,0,0.0
Pt6SnX,pt6sn4,500,3,3,0,0.0
Pt6SnX,pt6sn4,600,3,3,0,0.0
Pt6SnX,pt6sn4,700,3,3,0,0.0
Pt6SnX,pt6sn4,800,3,3,0,0.0
Pt6SnX,pt6sn4,900,3,3,0,0.0
Pt6SnX,pt6sn4,1000,3,3,0,0.0
Pt6SnX,pt6sn4,1100,3,3,0,0.0
Pt6SnX,pt6sn5-2,200,3,3,0,0.0
Pt6SnX,pt6sn5-2,300,3,3,0,0.0
Pt6SnX,pt6sn5-2,400,3,3,0,0.0
Pt6SnX,pt6sn5-2,500,3,3,0,0.0
Pt6SnX,pt6sn5-2,600,3,3,0,0.0
Pt6SnX,pt6sn5-2,700,3,3,0,0.0
Pt6SnX,pt6sn5-2,800,3,3,0,0.0
Pt6SnX,pt6sn5-2,900,3,3,0,0.0
Pt6SnX,pt6sn5-2,1000,3,3,0,0.0
Pt6SnX,pt6sn5-2,1100,3,3,0,0.0
Pt6SnX,pt6sn6-2,200,3,3,0,0.0
Pt6SnX,pt6sn6-2,300,3,3,0,0.0
Pt6SnX,pt6sn6-2,400,3,3,0,0.0
Pt6SnX,pt6sn6-2,500,3,3,0,0.0
Pt6SnX,pt6sn6-2,600,3,3,0,0.0
Pt6SnX,pt6sn6-2,700,3,3,0,0.0
Pt6SnX,pt6sn6-2,800,3,3,0,0.0
Pt6SnX,pt6sn6-2,900,3,3,0,0.0
Pt6SnX,pt6sn6-2,1000,3,3,0,0.0
Pt6SnX,pt6sn6-2,1100,3,3,0,0.0
Pt6SnX,pt6sn7,200,3,3,0,0.0
Pt6SnX,pt6sn7,300,3,3,0,0.0
Pt6SnX,pt6sn7,400,3,3,0,0.0
Pt6SnX,pt6sn7,500,3,3,0,0.0
Pt6SnX,pt6sn7,600,3,3,0,0.0
Pt6SnX,pt6sn7,700,3,3,0,0.0
Pt6SnX,pt6sn7,800,3,3,0,0.0
Pt6SnX,pt6sn7,900,3,3,0,0.0
Pt6SnX,pt6sn7,1000,3,3,0,0.0
Pt6SnX,pt6sn7,1100,3,3,0,0.0
Pt6SnX,pt6sn8,200,3,3,0,0.0
Pt6SnX,pt6sn8,300,3,3,0,0.0
Pt6SnX,pt6sn8,400,3,3,0,0.0
Pt6SnX,pt6sn8,500,3,3,0,0.0
Pt6SnX,pt6sn8,600,3,3,0,0.0
Pt6SnX,pt6sn8,700,3,3,0,0.0
Pt6SnX,pt6sn8,800,3,3,0,0.0
Pt6SnX,pt6sn8,900,3,3,0,0.0
Pt6SnX,pt6sn8,1000,3,3,0,0.0
Pt6SnX,pt6sn8,1100,3,3,0,0.0
Pt6SnX,pt6sn9-2,200,3,3,0,0.0
Pt6SnX,pt6sn9-2,300,3,3,0,0.0
Pt6SnX,pt6sn9-2,400,3,3,0,0.0
Pt6SnX,pt6sn9-2,500,3,3,0,0.0
Pt6SnX,pt6sn9-2,600,3,3,0,0.0
Pt6SnX,pt6sn9-2,700,3,3,0,0.0
Pt6SnX,pt6sn9-2,800,3,3,0,0.0
Pt6SnX,pt6sn9-2,900,3,3,0,0.0
Pt6SnX,pt6sn9-2,1000,3,3,0,0.0
Pt6SnX,pt6sn9-2,1100,3,3,0,0.0
Pt8SnX,pt8sn0-2-best,200,7,7,0,0.0
Pt8SnX,pt8sn0-2-best,300,10,10,0,0.0
Pt8SnX,pt8sn0-2-best,400,10,9,1,10.0
Pt8SnX,pt8sn0-2-best,500,10,8,2,20.0
Pt8SnX,pt8sn0-2-best,600,10,9,1,10.0
Pt8SnX,pt8sn0-2-best,700,10,10,0,0.0
Pt8SnX,pt8sn0-2-best,800,10,10,0,0.0
Pt8SnX,pt8sn0-2-best,900,10,9,1,10.0
Pt8SnX,pt8sn0-2-best,1000,10,9,1,10.0
Pt8SnX,pt8sn0-2-best,1100,10,9,1,10.0
Pt8SnX,pt8sn1-2-best,200,7,7,0,0.0
Pt8SnX,pt8sn1-2-best,300,10,6,4,40.0
Pt8SnX,pt8sn1-2-best,400,10,7,3,30.0
Pt8SnX,pt8sn1-2-best,500,10,7,3,30.0
Pt8SnX,pt8sn1-2-best,600,10,9,1,10.0
Pt8SnX,pt8sn1-2-best,700,10,7,3,30.0
Pt8SnX,pt8sn1-2-best,800,10,9,1,10.0
Pt8SnX,pt8sn1-2-best,900,10,4,6,60.0
Pt8SnX,pt8sn1-2-best,1000,10,5,5,50.0
Pt8SnX,pt8sn1-2-best,1100,10,4,6,60.0
Pt8SnX,pt8sn10-2-best,200,7,7,0,0.0
Pt8SnX,pt8sn10-2-best,300,10,9,1,10.0
Pt8SnX,pt8sn10-2-best,400,10,10,0,0.0
Pt8SnX,pt8sn10-2-best,500,10,6,4,40.0
Pt8SnX,pt8sn10-2-best,600,10,10,0,0.0
Pt8SnX,pt8sn10-2-best,700,10,9,1,10.0
Pt8SnX,pt8sn10-2-best,800,10,9,1,10.0
Pt8SnX,pt8sn10-2-best,900,10,4,6,60.0
Pt8SnX,pt8sn10-2-best,1000,10,5,5,50.0
Pt8SnX,pt8sn10-2-best,1100,10,4,6,60.0
Pt8SnX,pt8sn2-1-best,200,7,7,0,0.0
Pt8SnX,pt8sn2-1-best,300,10,10,0,0.0
Pt8SnX,pt8sn2-1-best,400,10,10,0,0.0
Pt8SnX,pt8sn2-1-best,500,10,9,1,10.0
Pt8SnX,pt8sn2-1-best,600,10,8,2,20.0
Pt8SnX,pt8sn2-1-best,700,10,7,3,30.0
Pt8SnX,pt8sn2-1-best,800,10,6,4,40.0
Pt8SnX,pt8sn2-1-best,900,10,6,4,40.0
Pt8SnX,pt8sn2-1-best,1000,10,4,6,60.0
Pt8SnX,pt8sn2-1-best,1100,10,5,5,50.0
Pt8SnX,pt8sn3-1-best,200,7,7,0,0.0
Pt8SnX,pt8sn3-1-best,300,10,9,1,10.0
Pt8SnX,pt8sn3-1-best,400,10,10,0,0.0
Pt8SnX,pt8sn3-1-best,500,10,10,0,0.0
Pt8SnX,pt8sn3-1-best,600,10,8,2,20.0
Pt8SnX,pt8sn3-1-best,700,10,9,1,10.0
Pt8SnX,pt8sn3-1-best,800,10,9,1,10.0
Pt8SnX,pt8sn3-1-best,900,10,8,2,20.0
Pt8SnX,pt8sn3-1-best,1000,10,4,6,60.0
Pt8SnX,pt8sn3-1-best,1100,10,6,4,40.0
Pt8SnX,pt8sn4-1-best,200,7,7,0,0.0
Pt8SnX,pt8sn4-1-best,300,10,8,2,20.0
Pt8SnX,pt8sn4-1-best,400,10,9,1,10.0
Pt8SnX,pt8sn4-1-best,500,10,9,1,10.0
Pt8SnX,pt8sn4-1-best,600,10,10,0,0.0
Pt8SnX,pt8sn4-1-best,700,10,10,0,0.0
Pt8SnX,pt8sn4-1-best,800,10,9,1,10.0
Pt8SnX,pt8sn4-1-best,900,10,7,3,30.0
Pt8SnX,pt8sn4-1-best,1000,10,5,5,50.0
Pt8SnX,pt8sn4-1-best,1100,10,7,3,30.0
Pt8SnX,pt8sn5-1-best,200,7,7,0,0.0
Pt8SnX,pt8sn5-1-best,300,10,9,1,10.0
Pt8SnX,pt8sn5-1-best,400,10,10,0,0.0
Pt8SnX,pt8sn5-1-best,500,10,10,0,0.0
Pt8SnX,pt8sn5-1-best,600,10,9,1,10.0
Pt8SnX,pt8sn5-1-best,700,10,9,1,10.0
Pt8SnX,pt8sn5-1-best,800,10,10,0,0.0
Pt8SnX,pt8sn5-1-best,900,10,6,4,40.0
Pt8SnX,pt8sn5-1-best,1000,10,7,3,30.0
Pt8SnX,pt8sn5-1-best,1100,10,5,5,50.0
Pt8SnX,pt8sn6-1-best,200,7,7,0,0.0
Pt8SnX,pt8sn6-1-best,300,10,9,1,10.0
Pt8SnX,pt8sn6-1-best,400,10,9,1,10.0
Pt8SnX,pt8sn6-1-best,500,10,9,1,10.0
Pt8SnX,pt8sn6-1-best,600,10,9,1,10.0
Pt8SnX,pt8sn6-1-best,700,10,9,1,10.0
Pt8SnX,pt8sn6-1-best,800,10,9,1,10.0
Pt8SnX,pt8sn6-1-best,900,10,8,2,20.0
Pt8SnX,pt8sn6-1-best,1000,10,9,1,10.0
Pt8SnX,pt8sn6-1-best,1100,10,6,4,40.0
Pt8SnX,pt8sn7-1-best,200,7,7,0,0.0
Pt8SnX,pt8sn7-1-best,300,10,9,1,10.0
Pt8SnX,pt8sn7-1-best,400,10,9,1,10.0
Pt8SnX,pt8sn7-1-best,500,10,9,1,10.0
Pt8SnX,pt8sn7-1-best,600,10,9,1,10.0
Pt8SnX,pt8sn7-1-best,700,10,8,2,20.0
Pt8SnX,pt8sn7-1-best,800,10,9,1,10.0
Pt8SnX,pt8sn7-1-best,900,10,10,0,0.0
Pt8SnX,pt8sn7-1-best,1000,10,10,0,0.0
Pt8SnX,pt8sn7-1-best,1100,10,8,2,20.0
Pt8SnX,pt8sn8-1-best,200,7,7,0,0.0
Pt8SnX,pt8sn8-1-best,300,10,9,1,10.0
Pt8SnX,pt8sn8-1-best,400,10,10,0,0.0
Pt8SnX,pt8sn8-1-best,500,10,10,0,0.0
Pt8SnX,pt8sn8-1-best,600,10,10,0,0.0
Pt8SnX,pt8sn8-1-best,700,10,9,1,10.0
Pt8SnX,pt8sn8-1-best,800,10,10,0,0.0
Pt8SnX,pt8sn8-1-best,900,10,6,4,40.0
Pt8SnX,pt8sn8-1-best,1000,10,6,4,40.0
Pt8SnX,pt8sn8-1-best,1100,10,5,5,50.0
Pt8SnX,pt8sn9-1-best,200,7,7,0,0.0
Pt8SnX,pt8sn9-1-best,300,10,10,0,0.0
Pt8SnX,pt8sn9-1-best,400,10,10,0,0.0
Pt8SnX,pt8sn9-1-best,500,10,10,0,0.0
Pt8SnX,pt8sn9-1-best,600,10,10,0,0.0
Pt8SnX,pt8sn9-1-best,700,10,10,0,0.0
Pt8SnX,pt8sn9-1-best,800,10,10,0,0.0
Pt8SnX,pt8sn9-1-best,900,10,5,5,50.0
Pt8SnX,pt8sn9-1-best,1000,10,6,4,40.0
Pt8SnX,pt8sn9-1-best,1100,10,5,5,50.0
PtxSny,pt3sn5,200,6,6,0,0.0
PtxSny,pt3sn5,300,6,6,0,0.0
PtxSny,pt3sn5,400,6,6,0,0.0
PtxSny,pt3sn5,500,6,6,0,0.0
PtxSny,pt3sn5,600,6,6,0,0.0
PtxSny,pt3sn5,700,6,5,1,16.666666666666664
PtxSny,pt3sn5,800,6,5,1,16.666666666666664
PtxSny,pt3sn5,900,6,5,1,16.666666666666664
PtxSny,pt3sn5,1000,6,3,3,50.0
PtxSny,pt3sn5,1100,6,3,3,50.0
PtxSny,pt4sn4-2,200,6,6,0,0.0
PtxSny,pt4sn4-2,300,6,6,0,0.0
PtxSny,pt4sn4-2,400,6,6,0,0.0
PtxSny,pt4sn4-2,500,6,6,0,0.0
PtxSny,pt4sn4-2,600,6,5,1,16.666666666666664
PtxSny,pt4sn4-2,700,6,6,0,0.0
PtxSny,pt4sn4-2,800,6,6,0,0.0
PtxSny,pt4sn4-2,900,6,6,0,0.0
PtxSny,pt4sn4-2,1000,6,4,2,33.33333333333333
PtxSny,pt4sn4-2,1100,6,6,0,0.0
PtxSny,pt5sn3-1-best,200,6,6,0,0.0
PtxSny,pt5sn3-1-best,300,6,6,0,0.0
PtxSny,pt5sn3-1-best,400,6,6,0,0.0
PtxSny,pt5sn3-1-best,500,6,6,0,0.0
PtxSny,pt5sn3-1-best,600,6,6,0,0.0
PtxSny,pt5sn3-1-best,700,6,6,0,0.0
PtxSny,pt5sn3-1-best,800,6,6,0,0.0
PtxSny,pt5sn3-1-best,900,6,5,1,16.666666666666664
PtxSny,pt5sn3-1-best,1000,6,6,0,0.0
PtxSny,pt5sn3-1-best,1100,6,6,0,0.0
PtxSny,pt7sn1-1,200,6,6,0,0.0
PtxSny,pt7sn1-1,300,6,6,0,0.0
PtxSny,pt7sn1-1,400,6,6,0,0.0
PtxSny,pt7sn1-1,500,6,6,0,0.0
PtxSny,pt7sn1-1,600,6,6,0,0.0
PtxSny,pt7sn1-1,700,6,6,0,0.0
PtxSny,pt7sn1-1,800,6,6,0,0.0
PtxSny,pt7sn1-1,900,6,5,1,16.666666666666664
PtxSny,pt7sn1-1,1000,6,5,1,16.666666666666664
PtxSny,pt7sn1-1,1100,6,3,3,50.0
PtxSnyOz,O2Pt4Sn6,200,6,6,0,0.0
PtxSnyOz,O2Pt4Sn6,300,6,6,0,0.0
PtxSnyOz,O2Pt4Sn6,400,6,6,0,0.0
PtxSnyOz,O2Pt4Sn6,500,6,2,4,66.66666666666666
PtxSnyOz,O2Pt4Sn6,600,6,3,3,50.0
PtxSnyOz,O2Pt4Sn6,700,6,3,3,50.0
PtxSnyOz,O2Pt4Sn6,800,6,4,2,33.33333333333333
PtxSnyOz,O2Pt4Sn6,900,6,5,1,16.666666666666664
PtxSnyOz,O2Pt4Sn6,1000,6,2,4,66.66666666666666
PtxSnyOz,O2Pt4Sn6,1100,6,4,2,33.33333333333333
PtxSnyOz,O2Pt7Sn7,200,6,4,2,33.33333333333333
PtxSnyOz,O2Pt7Sn7,300,6,6,0,0.0
PtxSnyOz,O2Pt7Sn7,400,6,6,0,0.0
PtxSnyOz,O2Pt7Sn7,500,6,6,0,0.0
PtxSnyOz,O2Pt7Sn7,600,6,6,0,0.0
PtxSnyOz,O2Pt7Sn7,700,6,5,1,16.666666666666664
PtxSnyOz,O2Pt7Sn7,800,6,6,0,0.0
PtxSnyOz,O2Pt7Sn7,900,6,6,0,0.0
PtxSnyOz,O2Pt7Sn7,1000,6,3,3,50.0
PtxSnyOz,O2Pt7Sn7,1100,6,1,5,83.33333333333334
PtxSnyOz,O2Sn8Pt7,200,6,6,0,0.0
PtxSnyOz,O2Sn8Pt7,300,6,6,0,0.0
PtxSnyOz,O2Sn8Pt7,400,6,5,1,16.666666666666664
PtxSnyOz,O2Sn8Pt7,500,6,5,1,16.666666666666664
PtxSnyOz,O2Sn8Pt7,600,6,3,3,50.0
PtxSnyOz,O2Sn8Pt7,700,6,6,0,0.0
PtxSnyOz,O2Sn8Pt7,800,6,6,0,0.0
PtxSnyOz,O2Sn8Pt7,900,6,2,4,66.66666666666666
PtxSnyOz,O2Sn8Pt7,1000,6,2,4,66.66666666666666
PtxSnyOz,O2Sn8Pt7,1100,6,2,4,66.66666666666666
PtxSnyOz,O3Pt5Sn7,200,6,6,0,0.0
PtxSnyOz,O3Pt5Sn7,300,6,6,0,0.0
PtxSnyOz,O3Pt5Sn7,400,6,5,1,16.666666666666664
PtxSnyOz,O3Pt5Sn7,500,6,5,1,16.666666666666664
PtxSnyOz,O3Pt5Sn7,600,6,5,1,16.666666666666664
PtxSnyOz,O3Pt5Sn7,700,6,6,0,0.0
PtxSnyOz,O3Pt5Sn7,800,6,3,3,50.0
PtxSnyOz,O3Pt5Sn7,900,6,6,0,0.0
PtxSnyOz,O3Pt5Sn7,1000,6,4,2,33.33333333333333
PtxSnyOz,O3Pt5Sn7,1100,6,0,6,100.0
PtxSnyOz,O3Sn4Pt2,200,6,6,0,0.0
PtxSnyOz,O3Sn4Pt2,300,6,6,0,0.0
PtxSnyOz,O3Sn4Pt2,400,6,5,1,16.666666666666664
PtxSnyOz,O3Sn4Pt2,500,6,4,2,33.33333333333333
PtxSnyOz,O3Sn4Pt2,600,6,3,3,50.0
PtxSnyOz,O3Sn4Pt2,700,6,3,3,50.0
PtxSnyOz,O3Sn4Pt2,800,6,5,1,16.666666666666664
PtxSnyOz,O3Sn4Pt2,900,6,6,0,0.0
PtxSnyOz,O3Sn4Pt2,1000,6,5,1,16.666666666666664
PtxSnyOz,O3Sn4Pt2,1100,6,3,3,50.0
PtxSnyOz,O3Sn5Pt3,200,6,5,1,16.666666666666664
PtxSnyOz,O3Sn5Pt3,300,6,6,0,0.0
PtxSnyOz,O3Sn5Pt3,400,6,3,3,50.0
PtxSnyOz,O3Sn5Pt3,500,6,6,0,0.0
PtxSnyOz,O3Sn5Pt3,600,6,5,1,16.666666666666664
PtxSnyOz,O3Sn5Pt3,700,6,6,0,0.0
PtxSnyOz,O3Sn5Pt3,800,6,5,1,16.666666666666664
PtxSnyOz,O3Sn5Pt3,900,6,5,1,16.666666666666664
PtxSnyOz,O3Sn5Pt3,1000,6,6,0,0.0
PtxSnyOz,O3Sn5Pt3,1100,6,3,3,50.0
PtxSnyOz,O4Pt3Sn6,200,6,6,0,0.0
PtxSnyOz,O4Pt3Sn6,300,6,6,0,0.0
PtxSnyOz,O4Pt3Sn6,400,6,5,1,16.666666666666664
PtxSnyOz,O4Pt3Sn6,500,6,4,2,33.33333333333333
PtxSnyOz,O4Pt3Sn6,600,6,5,1,16.666666666666664
PtxSnyOz,O4Pt3Sn6,700,6,5,1,16.666666666666664
PtxSnyOz,O4Pt3Sn6,800,6,3,3,50.0
PtxSnyOz,O4Pt3Sn6,900,6,4,2,33.33333333333333
PtxSnyOz,O4Pt3Sn6,1000,6,4,2,33.33333333333333
PtxSnyOz,O4Pt3Sn6,1100,6,5,1,16.666666666666664
PtxSnyOz,Pt2Sn2O1,200,6,3,3,50.0
PtxSnyOz,Pt2Sn2O1,300,6,6,0,0.0
PtxSnyOz,Pt2Sn2O1,400,6,6,0,0.0
PtxSnyOz,Pt2Sn2O1,500,6,6,0,0.0
PtxSnyOz,Pt2Sn2O1,600,6,4,2,33.33333333333333
PtxSnyOz,Pt2Sn2O1,700,6,6,0,0.0
PtxSnyOz,Pt2Sn2O1,800,6,5,1,16.666666666666664
PtxSnyOz,Pt2Sn2O1,900,6,5,1,16.666666666666664
PtxSnyOz,Pt2Sn2O1,1000,6,6,0,0.0
PtxSnyOz,Pt2Sn2O1,1100,6,4,2,33.33333333333333
PtxSnyOz,Pt3Sn2O1,200,6,2,4,66.66666666666666
PtxSnyOz,Pt3Sn2O1,300,6,3,3,50.0
PtxSnyOz,Pt3Sn2O1,400,6,5,1,16.666666666666664
PtxSnyOz,Pt3Sn2O1,500,6,6,0,0.0
PtxSnyOz,Pt3Sn2O1,600,6,5,1,16.666666666666664
PtxSnyOz,Pt3Sn2O1,700,6,5,1,16.666666666666664
PtxSnyOz,Pt3Sn2O1,800,6,2,4,66.66666666666666
PtxSnyOz,Pt3Sn2O1,900,6,3,3,50.0
PtxSnyOz,Pt3Sn2O1,1000,6,5,1,16.666666666666664
PtxSnyOz,Pt3Sn2O1,1100,6,6,0,0.0
PtxSnyOz,Pt3Sn3O2,200,6,5,1,16.666666666666664
PtxSnyOz,Pt3Sn3O2,300,6,6,0,0.0
PtxSnyOz,Pt3Sn3O2,400,6,4,2,33.33333333333333
PtxSnyOz,Pt3Sn3O2,500,6,5,1,16.666666666666664
PtxSnyOz,Pt3Sn3O2,600,6,4,2,33.33333333333333
PtxSnyOz,Pt3Sn3O2,700,6,6,0,0.0
PtxSnyOz,Pt3Sn3O2,800,6,2,4,66.66666666666666
PtxSnyOz,Pt3Sn3O2,900,6,5,1,16.666666666666664
PtxSnyOz,Pt3Sn3O2,1000,6,5,1,16.666666666666664
PtxSnyOz,Pt3Sn3O2,1100,6,2,4,66.66666666666666
PtxSnyOz,Pt5Sn3O1,200,6,2,4,66.66666666666666
PtxSnyOz,Pt5Sn3O1,300,6,5,1,16.666666666666664
PtxSnyOz,Pt5Sn3O1,400,6,6,0,0.0
PtxSnyOz,Pt5Sn3O1,500,6,5,1,16.666666666666664
PtxSnyOz,Pt5Sn3O1,600,6,5,1,16.666666666666664
PtxSnyOz,Pt5Sn3O1,700,6,6,0,0.0
PtxSnyOz,Pt5Sn3O1,800,6,5,1,16.666666666666664
PtxSnyOz,Pt5Sn3O1,900,6,6,0,0.0
PtxSnyOz,Pt5Sn3O1,1000,6,5,1,16.666666666666664
PtxSnyOz,Pt5Sn3O1,1100,6,2,4,66.66666666666666
PtxSnyOz,Pt5Sn4O1,200,6,5,1,16.666666666666664
PtxSnyOz,Pt5Sn4O1,300,6,4,2,33.33333333333333
PtxSnyOz,Pt5Sn4O1,400,6,5,1,16.666666666666664
PtxSnyOz,Pt5Sn4O1,500,6,5,1,16.666666666666664
PtxSnyOz,Pt5Sn4O1,600,6,6,0,0.0
PtxSnyOz,Pt5Sn4O1,700,6,6,0,0.0
PtxSnyOz,Pt5Sn4O1,800,6,6,0,0.0
PtxSnyOz,Pt5Sn4O1,900,6,5,1,16.666666666666664
PtxSnyOz,Pt5Sn4O1,1000,6,4,2,33.33333333333333
PtxSnyOz,Pt5Sn4O1,1100,6,4,2,33.33333333333333
PtxSnyOz,Pt7Sn5O1,200,6,5,1,16.666666666666664
PtxSnyOz,Pt7Sn5O1,300,6,5,1,16.666666666666664
PtxSnyOz,Pt7Sn5O1,400,6,4,2,33.33333333333333
PtxSnyOz,Pt7Sn5O1,500,6,2,4,66.66666666666666
PtxSnyOz,Pt7Sn5O1,600,6,6,0,0.0
PtxSnyOz,Pt7Sn5O1,700,6,5,1,16.666666666666664
PtxSnyOz,Pt7Sn5O1,800,6,6,0,0.0
PtxSnyOz,Pt7Sn5O1,900,6,6,0,0.0
PtxSnyOz,Pt7Sn5O1,1000,6,3,3,50.0
PtxSnyOz,Pt7Sn5O1,1100,6,3,3,50.0
PtxSnyOz,Pt7Sn6O1,200,6,5,1,16.666666666666664
PtxSnyOz,Pt7Sn6O1,300,6,6,0,0.0
PtxSnyOz,Pt7Sn6O1,400,6,5,1,16.666666666666664
PtxSnyOz,Pt7Sn6O1,500,6,3,3,50.0
PtxSnyOz,Pt7Sn6O1,600,6,2,4,66.66666666666666
PtxSnyOz,Pt7Sn6O1,700,6,6,0,0.0
PtxSnyOz,Pt7Sn6O1,800,6,3,3,50.0
PtxSnyOz,Pt7Sn6O1,900,6,6,0,0.0
PtxSnyOz,Pt7Sn6O1,1000,6,2,4,66.66666666666666
PtxSnyOz,Pt7Sn6O1,1100,6,2,4,66.66666666666666
PtxSnyOz,Pt7Sn9O4,200,6,6,0,0.0
PtxSnyOz,Pt7Sn9O4,300,6,5,1,16.666666666666664
PtxSnyOz,Pt7Sn9O4,400,6,5,1,16.666666666666664
PtxSnyOz,Pt7Sn9O4,500,6,6,0,0.0
PtxSnyOz,Pt7Sn9O4,600,6,6,0,0.0
PtxSnyOz,Pt7Sn9O4,700,6,6,0,0.0
PtxSnyOz,Pt7Sn9O4,800,6,3,3,50.0
PtxSnyOz,Pt7Sn9O4,900,6,6,0,0.0
PtxSnyOz,Pt7Sn9O4,1000,6,5,1,16.666666666666664
PtxSnyOz,Pt7Sn9O4,1100,6,2,4,66.66666666666666
PtxSnyOz,Sn10Pt7O4,200,6,6,0,0.0
PtxSnyOz,Sn10Pt7O4,300,6,6,0,0.0
PtxSnyOz,Sn10Pt7O4,400,6,6,0,0.0
PtxSnyOz,Sn10Pt7O4,500,6,5,1,16.666666666666664
PtxSnyOz,Sn10Pt7O4,600,6,3,3,50.0
PtxSnyOz,Sn10Pt7O4,700,6,4,2,33.33333333333333
PtxSnyOz,Sn10Pt7O4,800,6,6,0,0.0
PtxSnyOz,Sn10Pt7O4,900,6,6,0,0.0
PtxSnyOz,Sn10Pt7O4,1000,6,6,0,0.0
PtxSnyOz,Sn10Pt7O4,1100,6,2,4,66.66666666666666
PtxSnyOz,Sn1Pt2O1,200,6,6,0,0.0
PtxSnyOz,Sn1Pt2O1,300,6,6,0,0.0
PtxSnyOz,Sn1Pt2O1,400,6,2,4,66.66666666666666
PtxSnyOz,Sn1Pt2O1,500,6,4,2,33.33333333333333
PtxSnyOz,Sn1Pt2O1,600,6,3,3,50.0
PtxSnyOz,Sn1Pt2O1,700,6,2,4,66.66666666666666
PtxSnyOz,Sn1Pt2O1,800,6,6,0,0.0
PtxSnyOz,Sn1Pt2O1,900,6,5,1,16.666666666666664
PtxSnyOz,Sn1Pt2O1,1000,6,6,0,0.0
PtxSnyOz,Sn1Pt2O1,1100,6,4,2,33.33333333333333
PtxSnyOz,Sn3O2Pt2,200,6,6,0,0.0
PtxSnyOz,Sn3O2Pt2,300,6,3,3,50.0
PtxSnyOz,Sn3O2Pt2,400,6,5,1,16.666666666666664
PtxSnyOz,Sn3O2Pt2,500,6,5,1,16.666666666666664
PtxSnyOz,Sn3O2Pt2,600,6,6,0,0.0
PtxSnyOz,Sn3O2Pt2,700,6,3,3,50.0
PtxSnyOz,Sn3O2Pt2,800,6,4,2,33.33333333333333
PtxSnyOz,Sn3O2Pt2,900,6,6,0,0.0
PtxSnyOz,Sn3O2Pt2,1000,6,3,3,50.0
PtxSnyOz,Sn3O2Pt2,1100,6,5,1,16.666666666666664
PtxSnyOz,Sn3Pt4O1,200,6,5,1,16.666666666666664
PtxSnyOz,Sn3Pt4O1,300,6,5,1,16.666666666666664
PtxSnyOz,Sn3Pt4O1,400,6,6,0,0.0
PtxSnyOz,Sn3Pt4O1,500,6,4,2,33.33333333333333
PtxSnyOz,Sn3Pt4O1,600,6,3,3,50.0
PtxSnyOz,Sn3Pt4O1,700,6,2,4,66.66666666666666
PtxSnyOz,Sn3Pt4O1,800,6,3,3,50.0
PtxSnyOz,Sn3Pt4O1,900,6,2,4,66.66666666666666
PtxSnyOz,Sn3Pt4O1,1000,6,3,3,50.0
PtxSnyOz,Sn3Pt4O1,1100,6,6,0,0.0
PtxSnyOz,Sn4Pt3O1,200,6,6,0,0.0
PtxSnyOz,Sn4Pt3O1,300,6,5,1,16.666666666666664
PtxSnyOz,Sn4Pt3O1,400,6,4,2,33.33333333333333
PtxSnyOz,Sn4Pt3O1,500,6,4,2,33.33333333333333
PtxSnyOz,Sn4Pt3O1,600,6,6,0,0.0
PtxSnyOz,Sn4Pt3O1,700,6,3,3,50.0
PtxSnyOz,Sn4Pt3O1,800,6,3,3,50.0
PtxSnyOz,Sn4Pt3O1,900,6,2,4,66.66666666666666
PtxSnyOz,Sn4Pt3O1,1000,6,5,1,16.666666666666664
PtxSnyOz,Sn4Pt3O1,1100,6,3,3,50.0
PtxSnyOz,Sn5O2Pt4,200,6,6,0,0.0
PtxSnyOz,Sn5O2Pt4,300,6,4,2,33.33333333333333
PtxSnyOz,Sn5O2Pt4,400,6,6,0,0.0
PtxSnyOz,Sn5O2Pt4,500,6,6,0,0.0
PtxSnyOz,Sn5O2Pt4,600,6,3,3,50.0
PtxSnyOz,Sn5O2Pt4,700,6,3,3,50.0
PtxSnyOz,Sn5O2Pt4,800,6,6,0,0.0
PtxSnyOz,Sn5O2Pt4,900,6,3,3,50.0
PtxSnyOz,Sn5O2Pt4,1000,6,5,1,16.666666666666664
PtxSnyOz,Sn5O2Pt4,1100,6,4,2,33.33333333333333
PtxSnyOz,Sn5O4Pt2,200,6,6,0,0.0
PtxSnyOz,Sn5O4Pt2,300,6,6,0,0.0
PtxSnyOz,Sn5O4Pt2,400,6,6,0,0.0
PtxSnyOz,Sn5O4Pt2,500,6,6,0,0.0
PtxSnyOz,Sn5O4Pt2,600,6,6,0,0.0
PtxSnyOz,Sn5O4Pt2,700,6,4,2,33.33333333333333
PtxSnyOz,Sn5O4Pt2,800,6,5,1,16.666666666666664
PtxSnyOz,Sn5O4Pt2,900,6,6,0,0.0
PtxSnyOz,Sn5O4Pt2,1000,6,5,1,16.666666666666664
PtxSnyOz,Sn5O4Pt2,1100,6,4,2,33.33333333333333
PtxSnyOz,Sn6Pt5O2,200,6,5,1,16.666666666666664
PtxSnyOz,Sn6Pt5O2,300,6,3,3,50.0
PtxSnyOz,Sn6Pt5O2,400,6,5,1,16.666666666666664
PtxSnyOz,Sn6Pt5O2,500,6,6,0,0.0
PtxSnyOz,Sn6Pt5O2,600,6,6,0,0.0
PtxSnyOz,Sn6Pt5O2,700,6,6,0,0.0
PtxSnyOz,Sn6Pt5O2,800,6,2,4,66.66666666666666
PtxSnyOz,Sn6Pt5O2,900,6,5,1,16.666666666666664
PtxSnyOz,Sn6Pt5O2,1000,6,5,1,16.666666666666664
PtxSnyOz,Sn6Pt5O2,1100,6,2,4,66.66666666666666
PtxSnyOz,Sn7Pt4O3,200,6,5,1,16.666666666666664
PtxSnyOz,Sn7Pt4O3,300,6,5,1,16.666666666666664
PtxSnyOz,Sn7Pt4O3,400,6,5,1,16.666666666666664
PtxSnyOz,Sn7Pt4O3,500,6,3,3,50.0
PtxSnyOz,Sn7Pt4O3,600,6,6,0,0.0
PtxSnyOz,Sn7Pt4O3,700,6,6,0,0.0
PtxSnyOz,Sn7Pt4O3,800,6,6,0,0.0
PtxSnyOz,Sn7Pt4O3,900,6,4,2,33.33333333333333
PtxSnyOz,Sn7Pt4O3,1000,6,3,3,50.0
PtxSnyOz,Sn7Pt4O3,1100,6,1,5,83.33333333333334
PtxSnyOz,g-1-O1Sn4Pt3,200,6,4,2,33.33333333333333
PtxSnyOz,g-1-O1Sn4Pt3,300,6,6,0,0.0
PtxSnyOz,g-1-O1Sn4Pt3,400,6,3,3,50.0
PtxSnyOz,g-1-O1Sn4Pt3,500,6,2,4,66.66666666666666
PtxSnyOz,g-1-O1Sn4Pt3,600,6,4,2,33.33333333333333
PtxSnyOz,g-1-O1Sn4Pt3,700,6,6,0,0.0
PtxSnyOz,g-1-O1Sn4Pt3,800,6,6,0,0.0
PtxSnyOz,g-1-O1Sn4Pt3,900,6,1,5,83.33333333333334
PtxSnyOz,g-1-O1Sn4Pt3,1000,6,5,1,16.666666666666664
PtxSnyOz,g-1-O1Sn4Pt3,1100,6,1,5,83.33333333333334
